YFL044C	YDR034C	1
YEL009C	YDR034C	1
YEL009C	YML076C	1
YEL009C	YBR112C	1
YEL009C	YNL103W	1
YEL009C	YLR451W	1
YEL009C	YMR019W	1
YEL009C	YJR147W	1
YEL009C	YFL021W	1
YEL009C	YDR084C	1
YNL103W	YIR017C	1
YLR451W	YNL103W	1
YLR451W	YKL038W	1
YLR451W	YGL181W	1
YLR451W	YER189W	1
YLR451W	YER190W	1
YLR451W	YGL001C	1
YLR451W	YDR042C	1
YLR451W	YNL339C	1
YLR451W	YNL337W	1
YKL038W	YER028C	1
YER028C	YER189W	1
YER028C	YER190W	1
YGL181W	YNL167C	1
YPL038W	YIR017C	1
YPL038W	YGL254W	1
YPL038W	YDR042C	1
YGL254W	YOR140W	1
YDR253C	YIR017C	1
YDR253C	YGL254W	1
YDR253C	YER189W	1
YDR253C	YER190W	1
YOL067C	YGL254W	1
YOL067C	YMR019W	1
YOL067C	YCR096C	1
YOL067C	YDR084C	1
YOL067C	YDR042C	1
YJR147W	YMR019W	1
YJR147W	YKL178C	1
YCR096C	YCR040W	1
YCR096C	YCR039C	1
YCR096C	YKL178C	1
YML113W	YCR096C	1
YML113W	YDR520C	1
YML113W	YER189W	1
YML113W	YDR084C	1
YML113W	YER190W	1
YML113W	YGL001C	1
YML113W	YNL339C	1
YML113W	YNL337W	1
YFL021W	YMR019W	1
YFL021W	YCR096C	1
YFL021W	YDR520C	1
YFL021W	YJL110C	1
YFL021W	YDR084C	1
YFL021W	YGL001C	1
YFL021W	YDR042C	1
YCR040W	YKL178C	1
YPR199C	YCR096C	1
YPR199C	YCR040W	1
YPR199C	YCR039C	1
YPR199C	YCR041W	1
YCR097W	YCR040W	1
YCR097W	YCL066W	1
YCR097W	YGR044C	1
YCR097W	YCR039C	1
YCR097W	YKL178C	1
YOL089C	YMR019W	1
YOL089C	YCR096C	1
YOL089C	YCR097W	1
YOL089C	YDR084C	1
YOL089C	YGL001C	1
YOL089C	YDR042C	1
YOL089C	YNL339C	1
YOL089C	YNL337W	1
YHR006W	YCR040W	1
YHR006W	YCR039C	1
YHR006W	YCR041W	1
YOR032C	YHR006W	1
YOR032C	YGL001C	1
YOR032C	YDR042C	1
YJL110C	YCR096C	1
YJL110C	YCR040W	1
YJL110C	YCL066W	1
YJL110C	YCL067C	1
YJL110C	YKR034W	1
YJL110C	YCR039C	1
YJL110C	YER189W	1
YJL110C	YCR041W	1
YJL110C	YDR084C	1
YJL110C	YER190W	1
YJL110C	YGL001C	1
YJL110C	YNL339C	1
YJL110C	YNL337W	1
YCL066W	YKL178C	1
YCL067C	YCL066W	1
YCL067C	YGR044C	1
YJL056C	YCR040W	1
YJL056C	YCL066W	1
YJL056C	YCL067C	1
YJL056C	YCR039C	1
YJL056C	YER189W	1
YJL056C	YCR041W	1
YJL056C	YNL339C	1
YJL056C	YNL337W	1
YLR098C	YCR040W	1
YLR098C	YCL066W	1
YLR098C	YCL067C	1
YLR098C	YCR039C	1
YLR098C	YER189W	1
YLR098C	YCR041W	1
YLR098C	YER190W	1
YGR044C	YOR140W	1
YGR044C	YCR018C	1
YLR013W	YCR040W	1
YLR013W	YCL066W	1
YLR013W	YCL067C	1
YLR013W	YCR039C	1
YLR013W	YER189W	1
YLR013W	YCR041W	1
YLR013W	YNL339C	1
YLR013W	YNL337W	1
YKL020C	YCR096C	1
YKL020C	YDR084C	1
YKL020C	YGL001C	1
YDR421W	YCL066W	1
YDR421W	YCL067C	1
YKR034W	YFL021W	1
YKR034W	YCR040W	1
YKR034W	YJL110C	1
YKR034W	YCR039C	1
YKR034W	YER189W	1
YKR034W	YCR041W	1
YKR034W	YDR084C	1
YKR034W	YER190W	1
YKR034W	YDR042C	1
YKR034W	YNL339C	1
YKR034W	YNL337W	1
YDR034C	YFL044C	0
YDR034C	YEL009C	0
YDR034C	YML076C	0
YDR034C	YBR112C	0
YDR034C	YNL103W	0
YDR034C	YLR451W	0
YDR034C	YKL038W	0
YDR034C	YER028C	0
YDR034C	YIR017C	0
YDR034C	YGL181W	0
YDR034C	YNL167C	0
YDR034C	YPL038W	0
YDR034C	YGL254W	0
YDR034C	YOR140W	0
YDR034C	YDR253C	0
YDR034C	YMR019W	0
YDR034C	YOL067C	0
YDR034C	YJR147W	0
YDR034C	YCR096C	0
YDR034C	YML113W	0
YDR034C	YDR520C	0
YDR034C	YFL021W	0
YDR034C	YCR040W	0
YDR034C	YPR199C	0
YDR034C	YCR097W	0
YDR034C	YOL089C	0
YDR034C	YHR006W	0
YDR034C	YOR032C	0
YDR034C	YJL110C	0
YDR034C	YCL066W	0
YDR034C	YCL067C	0
YDR034C	YJL056C	0
YDR034C	YLR098C	0
YDR034C	YGR044C	0
YDR034C	YCR018C	0
YDR034C	YLR013W	0
YDR034C	YKL020C	0
YDR034C	YDR421W	0
YDR034C	YKR034W	0
YDR034C	YCR039C	0
YDR034C	YER189W	0
YDR034C	YCR041W	0
YDR034C	YDR084C	0
YDR034C	YER190W	0
YDR034C	YGL001C	0
YDR034C	YDR042C	0
YDR034C	YNL339C	0
YDR034C	YNL337W	0
YDR034C	YKL178C	0
YFL044C	YEL009C	0
YFL044C	YML076C	0
YFL044C	YBR112C	0
YFL044C	YNL103W	0
YFL044C	YLR451W	0
YFL044C	YKL038W	0
YFL044C	YER028C	0
YFL044C	YIR017C	0
YFL044C	YGL181W	0
YFL044C	YNL167C	0
YFL044C	YPL038W	0
YFL044C	YGL254W	0
YFL044C	YOR140W	0
YFL044C	YDR253C	0
YFL044C	YMR019W	0
YFL044C	YOL067C	0
YFL044C	YJR147W	0
YFL044C	YCR096C	0
YFL044C	YML113W	0
YFL044C	YDR520C	0
YFL044C	YFL021W	0
YFL044C	YCR040W	0
YFL044C	YPR199C	0
YFL044C	YCR097W	0
YFL044C	YOL089C	0
YFL044C	YHR006W	0
YFL044C	YOR032C	0
YFL044C	YJL110C	0
YFL044C	YCL066W	0
YFL044C	YCL067C	0
YFL044C	YJL056C	0
YFL044C	YLR098C	0
YFL044C	YGR044C	0
YFL044C	YCR018C	0
YFL044C	YLR013W	0
YFL044C	YKL020C	0
YFL044C	YDR421W	0
YFL044C	YKR034W	0
YFL044C	YCR039C	0
YFL044C	YER189W	0
YFL044C	YCR041W	0
YFL044C	YDR084C	0
YFL044C	YER190W	0
YFL044C	YGL001C	0
YFL044C	YDR042C	0
YFL044C	YNL339C	0
YFL044C	YNL337W	0
YFL044C	YKL178C	0
YEL009C	YFL044C	0
YEL009C	YKL038W	0
YEL009C	YER028C	0
YEL009C	YIR017C	0
YEL009C	YGL181W	0
YEL009C	YNL167C	0
YEL009C	YPL038W	0
YEL009C	YGL254W	0
YEL009C	YOR140W	0
YEL009C	YDR253C	0
YEL009C	YOL067C	0
YEL009C	YCR096C	0
YEL009C	YML113W	0
YEL009C	YDR520C	0
YEL009C	YCR040W	0
YEL009C	YPR199C	0
YEL009C	YCR097W	0
YEL009C	YOL089C	0
YEL009C	YHR006W	0
YEL009C	YOR032C	0
YEL009C	YJL110C	0
YEL009C	YCL066W	0
YEL009C	YCL067C	0
YEL009C	YJL056C	0
YEL009C	YLR098C	0
YEL009C	YGR044C	0
YEL009C	YCR018C	0
YEL009C	YLR013W	0
YEL009C	YKL020C	0
YEL009C	YDR421W	0
YEL009C	YKR034W	0
YEL009C	YCR039C	0
YEL009C	YER189W	0
YEL009C	YCR041W	0
YEL009C	YER190W	0
YEL009C	YGL001C	0
YEL009C	YDR042C	0
YEL009C	YNL339C	0
YEL009C	YNL337W	0
YEL009C	YKL178C	0
YML076C	YDR034C	0
YML076C	YFL044C	0
YML076C	YEL009C	0
YML076C	YBR112C	0
YML076C	YNL103W	0
YML076C	YLR451W	0
YML076C	YKL038W	0
YML076C	YER028C	0
YML076C	YIR017C	0
YML076C	YGL181W	0
YML076C	YNL167C	0
YML076C	YPL038W	0
YML076C	YGL254W	0
YML076C	YOR140W	0
YML076C	YDR253C	0
YML076C	YMR019W	0
YML076C	YOL067C	0
YML076C	YJR147W	0
YML076C	YCR096C	0
YML076C	YML113W	0
YML076C	YDR520C	0
YML076C	YFL021W	0
YML076C	YCR040W	0
YML076C	YPR199C	0
YML076C	YCR097W	0
YML076C	YOL089C	0
YML076C	YHR006W	0
YML076C	YOR032C	0
YML076C	YJL110C	0
YML076C	YCL066W	0
YML076C	YCL067C	0
YML076C	YJL056C	0
YML076C	YLR098C	0
YML076C	YGR044C	0
YML076C	YCR018C	0
YML076C	YLR013W	0
YML076C	YKL020C	0
YML076C	YDR421W	0
YML076C	YKR034W	0
YML076C	YCR039C	0
YML076C	YER189W	0
YML076C	YCR041W	0
YML076C	YDR084C	0
YML076C	YER190W	0
YML076C	YGL001C	0
YML076C	YDR042C	0
YML076C	YNL339C	0
YML076C	YNL337W	0
YML076C	YKL178C	0
YBR112C	YDR034C	0
YBR112C	YFL044C	0
YBR112C	YEL009C	0
YBR112C	YML076C	0
YBR112C	YNL103W	0
YBR112C	YLR451W	0
YBR112C	YKL038W	0
YBR112C	YER028C	0
YBR112C	YIR017C	0
YBR112C	YGL181W	0
YBR112C	YNL167C	0
YBR112C	YPL038W	0
YBR112C	YGL254W	0
YBR112C	YOR140W	0
YBR112C	YDR253C	0
YBR112C	YMR019W	0
YBR112C	YOL067C	0
YBR112C	YJR147W	0
YBR112C	YCR096C	0
YBR112C	YML113W	0
YBR112C	YDR520C	0
YBR112C	YFL021W	0
YBR112C	YCR040W	0
YBR112C	YPR199C	0
YBR112C	YCR097W	0
YBR112C	YOL089C	0
YBR112C	YHR006W	0
YBR112C	YOR032C	0
YBR112C	YJL110C	0
YBR112C	YCL066W	0
YBR112C	YCL067C	0
YBR112C	YJL056C	0
YBR112C	YLR098C	0
YBR112C	YGR044C	0
YBR112C	YCR018C	0
YBR112C	YLR013W	0
YBR112C	YKL020C	0
YBR112C	YDR421W	0
YBR112C	YKR034W	0
YBR112C	YCR039C	0
YBR112C	YER189W	0
YBR112C	YCR041W	0
YBR112C	YDR084C	0
YBR112C	YER190W	0
YBR112C	YGL001C	0
YBR112C	YDR042C	0
YBR112C	YNL339C	0
YBR112C	YNL337W	0
YBR112C	YKL178C	0
YNL103W	YDR034C	0
YNL103W	YFL044C	0
YNL103W	YEL009C	0
YNL103W	YML076C	0
YNL103W	YBR112C	0
YNL103W	YLR451W	0
YNL103W	YKL038W	0
YNL103W	YER028C	0
YNL103W	YGL181W	0
YNL103W	YNL167C	0
YNL103W	YPL038W	0
YNL103W	YGL254W	0
YNL103W	YOR140W	0
YNL103W	YDR253C	0
YNL103W	YMR019W	0
YNL103W	YOL067C	0
YNL103W	YJR147W	0
YNL103W	YCR096C	0
YNL103W	YML113W	0
YNL103W	YDR520C	0
YNL103W	YFL021W	0
YNL103W	YCR040W	0
YNL103W	YPR199C	0
YNL103W	YCR097W	0
YNL103W	YOL089C	0
YNL103W	YHR006W	0
YNL103W	YOR032C	0
YNL103W	YJL110C	0
YNL103W	YCL066W	0
YNL103W	YCL067C	0
YNL103W	YJL056C	0
YNL103W	YLR098C	0
YNL103W	YGR044C	0
YNL103W	YCR018C	0
YNL103W	YLR013W	0
YNL103W	YKL020C	0
YNL103W	YDR421W	0
YNL103W	YKR034W	0
YNL103W	YCR039C	0
YNL103W	YER189W	0
YNL103W	YCR041W	0
YNL103W	YDR084C	0
YNL103W	YER190W	0
YNL103W	YGL001C	0
YNL103W	YDR042C	0
YNL103W	YNL339C	0
YNL103W	YNL337W	0
YNL103W	YKL178C	0
YLR451W	YDR034C	0
YLR451W	YFL044C	0
YLR451W	YEL009C	0
YLR451W	YML076C	0
YLR451W	YBR112C	0
YLR451W	YER028C	0
YLR451W	YIR017C	0
YLR451W	YNL167C	0
YLR451W	YPL038W	0
YLR451W	YGL254W	0
YLR451W	YOR140W	0
YLR451W	YDR253C	0
YLR451W	YMR019W	0
YLR451W	YOL067C	0
YLR451W	YJR147W	0
YLR451W	YCR096C	0
YLR451W	YML113W	0
YLR451W	YDR520C	0
YLR451W	YFL021W	0
YLR451W	YCR040W	0
YLR451W	YPR199C	0
YLR451W	YCR097W	0
YLR451W	YOL089C	0
YLR451W	YHR006W	0
YLR451W	YOR032C	0
YLR451W	YJL110C	0
YLR451W	YCL066W	0
YLR451W	YCL067C	0
YLR451W	YJL056C	0
YLR451W	YLR098C	0
YLR451W	YGR044C	0
YLR451W	YCR018C	0
YLR451W	YLR013W	0
YLR451W	YKL020C	0
YLR451W	YDR421W	0
YLR451W	YKR034W	0
YLR451W	YCR039C	0
YLR451W	YCR041W	0
YLR451W	YDR084C	0
YLR451W	YKL178C	0
YKL038W	YDR034C	0
YKL038W	YFL044C	0
YKL038W	YEL009C	0
YKL038W	YML076C	0
YKL038W	YBR112C	0
YKL038W	YNL103W	0
YKL038W	YLR451W	0
YKL038W	YIR017C	0
YKL038W	YGL181W	0
YKL038W	YNL167C	0
YKL038W	YPL038W	0
YKL038W	YGL254W	0
YKL038W	YOR140W	0
YKL038W	YDR253C	0
YKL038W	YMR019W	0
YKL038W	YOL067C	0
YKL038W	YJR147W	0
YKL038W	YCR096C	0
YKL038W	YML113W	0
YKL038W	YDR520C	0
YKL038W	YFL021W	0
YKL038W	YCR040W	0
YKL038W	YPR199C	0
YKL038W	YCR097W	0
YKL038W	YOL089C	0
YKL038W	YHR006W	0
YKL038W	YOR032C	0
YKL038W	YJL110C	0
YKL038W	YCL066W	0
YKL038W	YCL067C	0
YKL038W	YJL056C	0
YKL038W	YLR098C	0
YKL038W	YGR044C	0
YKL038W	YCR018C	0
YKL038W	YLR013W	0
YKL038W	YKL020C	0
YKL038W	YDR421W	0
YKL038W	YKR034W	0
YKL038W	YCR039C	0
YKL038W	YER189W	0
YKL038W	YCR041W	0
YKL038W	YDR084C	0
YKL038W	YER190W	0
YKL038W	YGL001C	0
YKL038W	YDR042C	0
YKL038W	YNL339C	0
YKL038W	YNL337W	0
YKL038W	YKL178C	0
YER028C	YDR034C	0
YER028C	YFL044C	0
YER028C	YEL009C	0
YER028C	YML076C	0
YER028C	YBR112C	0
YER028C	YNL103W	0
YER028C	YLR451W	0
YER028C	YKL038W	0
YER028C	YIR017C	0
YER028C	YGL181W	0
YER028C	YNL167C	0
YER028C	YPL038W	0
YER028C	YGL254W	0
YER028C	YOR140W	0
YER028C	YDR253C	0
YER028C	YMR019W	0
YER028C	YOL067C	0
YER028C	YJR147W	0
YER028C	YCR096C	0
YER028C	YML113W	0
YER028C	YDR520C	0
YER028C	YFL021W	0
YER028C	YCR040W	0
YER028C	YPR199C	0
YER028C	YCR097W	0
YER028C	YOL089C	0
YER028C	YHR006W	0
YER028C	YOR032C	0
YER028C	YJL110C	0
YER028C	YCL066W	0
YER028C	YCL067C	0
YER028C	YJL056C	0
YER028C	YLR098C	0
YER028C	YGR044C	0
YER028C	YCR018C	0
YER028C	YLR013W	0
YER028C	YKL020C	0
YER028C	YDR421W	0
YER028C	YKR034W	0
YER028C	YCR039C	0
YER028C	YCR041W	0
YER028C	YDR084C	0
YER028C	YGL001C	0
YER028C	YDR042C	0
YER028C	YNL339C	0
YER028C	YNL337W	0
YER028C	YKL178C	0
YIR017C	YDR034C	0
YIR017C	YFL044C	0
YIR017C	YEL009C	0
YIR017C	YML076C	0
YIR017C	YBR112C	0
YIR017C	YNL103W	0
YIR017C	YLR451W	0
YIR017C	YKL038W	0
YIR017C	YER028C	0
YIR017C	YGL181W	0
YIR017C	YNL167C	0
YIR017C	YPL038W	0
YIR017C	YGL254W	0
YIR017C	YOR140W	0
YIR017C	YDR253C	0
YIR017C	YMR019W	0
YIR017C	YOL067C	0
YIR017C	YJR147W	0
YIR017C	YCR096C	0
YIR017C	YML113W	0
YIR017C	YDR520C	0
YIR017C	YFL021W	0
YIR017C	YCR040W	0
YIR017C	YPR199C	0
YIR017C	YCR097W	0
YIR017C	YOL089C	0
YIR017C	YHR006W	0
YIR017C	YOR032C	0
YIR017C	YJL110C	0
YIR017C	YCL066W	0
YIR017C	YCL067C	0
YIR017C	YJL056C	0
YIR017C	YLR098C	0
YIR017C	YGR044C	0
YIR017C	YCR018C	0
YIR017C	YLR013W	0
YIR017C	YKL020C	0
YIR017C	YDR421W	0
YIR017C	YKR034W	0
YIR017C	YCR039C	0
YIR017C	YER189W	0
YIR017C	YCR041W	0
YIR017C	YDR084C	0
YIR017C	YER190W	0
YIR017C	YGL001C	0
YIR017C	YDR042C	0
YIR017C	YNL339C	0
YIR017C	YNL337W	0
YIR017C	YKL178C	0
YGL181W	YDR034C	0
YGL181W	YFL044C	0
YGL181W	YEL009C	0
YGL181W	YML076C	0
YGL181W	YBR112C	0
YGL181W	YNL103W	0
YGL181W	YLR451W	0
YGL181W	YKL038W	0
YGL181W	YER028C	0
YGL181W	YIR017C	0
YGL181W	YPL038W	0
YGL181W	YGL254W	0
YGL181W	YOR140W	0
YGL181W	YDR253C	0
YGL181W	YMR019W	0
YGL181W	YOL067C	0
YGL181W	YJR147W	0
YGL181W	YCR096C	0
YGL181W	YML113W	0
YGL181W	YDR520C	0
YGL181W	YFL021W	0
YGL181W	YCR040W	0
YGL181W	YPR199C	0
YGL181W	YCR097W	0
YGL181W	YOL089C	0
YGL181W	YHR006W	0
YGL181W	YOR032C	0
YGL181W	YJL110C	0
YGL181W	YCL066W	0
YGL181W	YCL067C	0
YGL181W	YJL056C	0
YGL181W	YLR098C	0
YGL181W	YGR044C	0
YGL181W	YCR018C	0
YGL181W	YLR013W	0
YGL181W	YKL020C	0
YGL181W	YDR421W	0
YGL181W	YKR034W	0
YGL181W	YCR039C	0
YGL181W	YER189W	0
YGL181W	YCR041W	0
YGL181W	YDR084C	0
YGL181W	YER190W	0
YGL181W	YGL001C	0
YGL181W	YDR042C	0
YGL181W	YNL339C	0
YGL181W	YNL337W	0
YGL181W	YKL178C	0
YNL167C	YDR034C	0
YNL167C	YFL044C	0
YNL167C	YEL009C	0
YNL167C	YML076C	0
YNL167C	YBR112C	0
YNL167C	YNL103W	0
YNL167C	YLR451W	0
YNL167C	YKL038W	0
YNL167C	YER028C	0
YNL167C	YIR017C	0
YNL167C	YGL181W	0
YNL167C	YPL038W	0
YNL167C	YGL254W	0
YNL167C	YOR140W	0
YNL167C	YDR253C	0
YNL167C	YMR019W	0
YNL167C	YOL067C	0
YNL167C	YJR147W	0
YNL167C	YCR096C	0
YNL167C	YML113W	0
YNL167C	YDR520C	0
YNL167C	YFL021W	0
YNL167C	YCR040W	0
YNL167C	YPR199C	0
YNL167C	YCR097W	0
YNL167C	YOL089C	0
YNL167C	YHR006W	0
YNL167C	YOR032C	0
YNL167C	YJL110C	0
YNL167C	YCL066W	0
YNL167C	YCL067C	0
YNL167C	YJL056C	0
YNL167C	YLR098C	0
YNL167C	YGR044C	0
YNL167C	YCR018C	0
YNL167C	YLR013W	0
YNL167C	YKL020C	0
YNL167C	YDR421W	0
YNL167C	YKR034W	0
YNL167C	YCR039C	0
YNL167C	YER189W	0
YNL167C	YCR041W	0
YNL167C	YDR084C	0
YNL167C	YER190W	0
YNL167C	YGL001C	0
YNL167C	YDR042C	0
YNL167C	YNL339C	0
YNL167C	YNL337W	0
YNL167C	YKL178C	0
YPL038W	YDR034C	0
YPL038W	YFL044C	0
YPL038W	YEL009C	0
YPL038W	YML076C	0
YPL038W	YBR112C	0
YPL038W	YNL103W	0
YPL038W	YLR451W	0
YPL038W	YKL038W	0
YPL038W	YER028C	0
YPL038W	YGL181W	0
YPL038W	YNL167C	0
YPL038W	YOR140W	0
YPL038W	YDR253C	0
YPL038W	YMR019W	0
YPL038W	YOL067C	0
YPL038W	YJR147W	0
YPL038W	YCR096C	0
YPL038W	YML113W	0
YPL038W	YDR520C	0
YPL038W	YFL021W	0
YPL038W	YCR040W	0
YPL038W	YPR199C	0
YPL038W	YCR097W	0
YPL038W	YOL089C	0
YPL038W	YHR006W	0
YPL038W	YOR032C	0
YPL038W	YJL110C	0
YPL038W	YCL066W	0
YPL038W	YCL067C	0
YPL038W	YJL056C	0
YPL038W	YLR098C	0
YPL038W	YGR044C	0
YPL038W	YCR018C	0
YPL038W	YLR013W	0
YPL038W	YKL020C	0
YPL038W	YDR421W	0
YPL038W	YKR034W	0
YPL038W	YCR039C	0
YPL038W	YER189W	0
YPL038W	YCR041W	0
YPL038W	YDR084C	0
YPL038W	YER190W	0
YPL038W	YGL001C	0
YPL038W	YNL339C	0
YPL038W	YNL337W	0
YPL038W	YKL178C	0
YGL254W	YDR034C	0
YGL254W	YFL044C	0
YGL254W	YEL009C	0
YGL254W	YML076C	0
YGL254W	YBR112C	0
YGL254W	YNL103W	0
YGL254W	YLR451W	0
YGL254W	YKL038W	0
YGL254W	YER028C	0
YGL254W	YIR017C	0
YGL254W	YGL181W	0
YGL254W	YNL167C	0
YGL254W	YPL038W	0
YGL254W	YDR253C	0
YGL254W	YMR019W	0
YGL254W	YOL067C	0
YGL254W	YJR147W	0
YGL254W	YCR096C	0
YGL254W	YML113W	0
YGL254W	YDR520C	0
YGL254W	YFL021W	0
YGL254W	YCR040W	0
YGL254W	YPR199C	0
YGL254W	YCR097W	0
YGL254W	YOL089C	0
YGL254W	YHR006W	0
YGL254W	YOR032C	0
YGL254W	YJL110C	0
YGL254W	YCL066W	0
YGL254W	YCL067C	0
YGL254W	YJL056C	0
YGL254W	YLR098C	0
YGL254W	YGR044C	0
YGL254W	YCR018C	0
YGL254W	YLR013W	0
YGL254W	YKL020C	0
YGL254W	YDR421W	0
YGL254W	YKR034W	0
YGL254W	YCR039C	0
YGL254W	YER189W	0
YGL254W	YCR041W	0
YGL254W	YDR084C	0
YGL254W	YER190W	0
YGL254W	YGL001C	0
YGL254W	YDR042C	0
YGL254W	YNL339C	0
YGL254W	YNL337W	0
YGL254W	YKL178C	0
YOR140W	YDR034C	0
YOR140W	YFL044C	0
YOR140W	YEL009C	0
YOR140W	YML076C	0
YOR140W	YBR112C	0
YOR140W	YNL103W	0
YOR140W	YLR451W	0
YOR140W	YKL038W	0
YOR140W	YER028C	0
YOR140W	YIR017C	0
YOR140W	YGL181W	0
YOR140W	YNL167C	0
YOR140W	YPL038W	0
YOR140W	YGL254W	0
YOR140W	YDR253C	0
YOR140W	YMR019W	0
YOR140W	YOL067C	0
YOR140W	YJR147W	0
YOR140W	YCR096C	0
YOR140W	YML113W	0
YOR140W	YDR520C	0
YOR140W	YFL021W	0
YOR140W	YCR040W	0
YOR140W	YPR199C	0
YOR140W	YCR097W	0
YOR140W	YOL089C	0
YOR140W	YHR006W	0
YOR140W	YOR032C	0
YOR140W	YJL110C	0
YOR140W	YCL066W	0
YOR140W	YCL067C	0
YOR140W	YJL056C	0
YOR140W	YLR098C	0
YOR140W	YGR044C	0
YOR140W	YCR018C	0
YOR140W	YLR013W	0
YOR140W	YKL020C	0
YOR140W	YDR421W	0
YOR140W	YKR034W	0
YOR140W	YCR039C	0
YOR140W	YER189W	0
YOR140W	YCR041W	0
YOR140W	YDR084C	0
YOR140W	YER190W	0
YOR140W	YGL001C	0
YOR140W	YDR042C	0
YOR140W	YNL339C	0
YOR140W	YNL337W	0
YOR140W	YKL178C	0
YDR253C	YDR034C	0
YDR253C	YFL044C	0
YDR253C	YEL009C	0
YDR253C	YML076C	0
YDR253C	YBR112C	0
YDR253C	YNL103W	0
YDR253C	YLR451W	0
YDR253C	YKL038W	0
YDR253C	YER028C	0
YDR253C	YGL181W	0
YDR253C	YNL167C	0
YDR253C	YPL038W	0
YDR253C	YOR140W	0
YDR253C	YMR019W	0
YDR253C	YOL067C	0
YDR253C	YJR147W	0
YDR253C	YCR096C	0
YDR253C	YML113W	0
YDR253C	YDR520C	0
YDR253C	YFL021W	0
YDR253C	YCR040W	0
YDR253C	YPR199C	0
YDR253C	YCR097W	0
YDR253C	YOL089C	0
YDR253C	YHR006W	0
YDR253C	YOR032C	0
YDR253C	YJL110C	0
YDR253C	YCL066W	0
YDR253C	YCL067C	0
YDR253C	YJL056C	0
YDR253C	YLR098C	0
YDR253C	YGR044C	0
YDR253C	YCR018C	0
YDR253C	YLR013W	0
YDR253C	YKL020C	0
YDR253C	YDR421W	0
YDR253C	YKR034W	0
YDR253C	YCR039C	0
YDR253C	YCR041W	0
YDR253C	YDR084C	0
YDR253C	YGL001C	0
YDR253C	YDR042C	0
YDR253C	YNL339C	0
YDR253C	YNL337W	0
YDR253C	YKL178C	0
YMR019W	YDR034C	0
YMR019W	YFL044C	0
YMR019W	YEL009C	0
YMR019W	YML076C	0
YMR019W	YBR112C	0
YMR019W	YNL103W	0
YMR019W	YLR451W	0
YMR019W	YKL038W	0
YMR019W	YER028C	0
YMR019W	YIR017C	0
YMR019W	YGL181W	0
YMR019W	YNL167C	0
YMR019W	YPL038W	0
YMR019W	YGL254W	0
YMR019W	YOR140W	0
YMR019W	YDR253C	0
YMR019W	YOL067C	0
YMR019W	YJR147W	0
YMR019W	YCR096C	0
YMR019W	YML113W	0
YMR019W	YDR520C	0
YMR019W	YFL021W	0
YMR019W	YCR040W	0
YMR019W	YPR199C	0
YMR019W	YCR097W	0
YMR019W	YOL089C	0
YMR019W	YHR006W	0
YMR019W	YOR032C	0
YMR019W	YJL110C	0
YMR019W	YCL066W	0
YMR019W	YCL067C	0
YMR019W	YJL056C	0
YMR019W	YLR098C	0
YMR019W	YGR044C	0
YMR019W	YCR018C	0
YMR019W	YLR013W	0
YMR019W	YKL020C	0
YMR019W	YDR421W	0
YMR019W	YKR034W	0
YMR019W	YCR039C	0
YMR019W	YER189W	0
YMR019W	YCR041W	0
YMR019W	YDR084C	0
YMR019W	YER190W	0
YMR019W	YGL001C	0
YMR019W	YDR042C	0
YMR019W	YNL339C	0
YMR019W	YNL337W	0
YMR019W	YKL178C	0
YOL067C	YDR034C	0
YOL067C	YFL044C	0
YOL067C	YEL009C	0
YOL067C	YML076C	0
YOL067C	YBR112C	0
YOL067C	YNL103W	0
YOL067C	YLR451W	0
YOL067C	YKL038W	0
YOL067C	YER028C	0
YOL067C	YIR017C	0
YOL067C	YGL181W	0
YOL067C	YNL167C	0
YOL067C	YPL038W	0
YOL067C	YOR140W	0
YOL067C	YDR253C	0
YOL067C	YJR147W	0
YOL067C	YML113W	0
YOL067C	YDR520C	0
YOL067C	YFL021W	0
YOL067C	YCR040W	0
YOL067C	YPR199C	0
YOL067C	YCR097W	0
YOL067C	YOL089C	0
YOL067C	YHR006W	0
YOL067C	YOR032C	0
YOL067C	YJL110C	0
YOL067C	YCL066W	0
YOL067C	YCL067C	0
YOL067C	YJL056C	0
YOL067C	YLR098C	0
YOL067C	YGR044C	0
YOL067C	YCR018C	0
YOL067C	YLR013W	0
YOL067C	YKL020C	0
YOL067C	YDR421W	0
YOL067C	YKR034W	0
YOL067C	YCR039C	0
YOL067C	YER189W	0
YOL067C	YCR041W	0
YOL067C	YER190W	0
YOL067C	YGL001C	0
YOL067C	YNL339C	0
YOL067C	YNL337W	0
YOL067C	YKL178C	0
YJR147W	YDR034C	0
YJR147W	YFL044C	0
YJR147W	YEL009C	0
YJR147W	YML076C	0
YJR147W	YBR112C	0
YJR147W	YNL103W	0
YJR147W	YLR451W	0
YJR147W	YKL038W	0
YJR147W	YER028C	0
YJR147W	YIR017C	0
YJR147W	YGL181W	0
YJR147W	YNL167C	0
YJR147W	YPL038W	0
YJR147W	YGL254W	0
YJR147W	YOR140W	0
YJR147W	YDR253C	0
YJR147W	YOL067C	0
YJR147W	YCR096C	0
YJR147W	YML113W	0
YJR147W	YDR520C	0
YJR147W	YFL021W	0
YJR147W	YCR040W	0
YJR147W	YPR199C	0
YJR147W	YCR097W	0
YJR147W	YOL089C	0
YJR147W	YHR006W	0
YJR147W	YOR032C	0
YJR147W	YJL110C	0
YJR147W	YCL066W	0
YJR147W	YCL067C	0
YJR147W	YJL056C	0
YJR147W	YLR098C	0
YJR147W	YGR044C	0
YJR147W	YCR018C	0
YJR147W	YLR013W	0
YJR147W	YKL020C	0
YJR147W	YDR421W	0
YJR147W	YKR034W	0
YJR147W	YCR039C	0
YJR147W	YER189W	0
YJR147W	YCR041W	0
YJR147W	YDR084C	0
YJR147W	YER190W	0
YJR147W	YGL001C	0
YJR147W	YDR042C	0
YJR147W	YNL339C	0
YJR147W	YNL337W	0
YCR096C	YDR034C	0
YCR096C	YFL044C	0
YCR096C	YEL009C	0
YCR096C	YML076C	0
YCR096C	YBR112C	0
YCR096C	YNL103W	0
YCR096C	YLR451W	0
YCR096C	YKL038W	0
YCR096C	YER028C	0
YCR096C	YIR017C	0
YCR096C	YGL181W	0
YCR096C	YNL167C	0
YCR096C	YPL038W	0
YCR096C	YGL254W	0
YCR096C	YOR140W	0
YCR096C	YDR253C	0
YCR096C	YMR019W	0
YCR096C	YOL067C	0
YCR096C	YJR147W	0
YCR096C	YML113W	0
YCR096C	YDR520C	0
YCR096C	YFL021W	0
YCR096C	YPR199C	0
YCR096C	YCR097W	0
YCR096C	YOL089C	0
YCR096C	YHR006W	0
YCR096C	YOR032C	0
YCR096C	YJL110C	0
YCR096C	YCL066W	0
YCR096C	YCL067C	0
YCR096C	YJL056C	0
YCR096C	YLR098C	0
YCR096C	YGR044C	0
YCR096C	YCR018C	0
YCR096C	YLR013W	0
YCR096C	YKL020C	0
YCR096C	YDR421W	0
YCR096C	YKR034W	0
YCR096C	YER189W	0
YCR096C	YCR041W	0
YCR096C	YDR084C	0
YCR096C	YER190W	0
YCR096C	YGL001C	0
YCR096C	YDR042C	0
YCR096C	YNL339C	0
YCR096C	YNL337W	0
YML113W	YDR034C	0
YML113W	YFL044C	0
YML113W	YEL009C	0
YML113W	YML076C	0
YML113W	YBR112C	0
YML113W	YNL103W	0
YML113W	YLR451W	0
YML113W	YKL038W	0
YML113W	YER028C	0
YML113W	YIR017C	0
YML113W	YGL181W	0
YML113W	YNL167C	0
YML113W	YPL038W	0
YML113W	YGL254W	0
YML113W	YOR140W	0
YML113W	YDR253C	0
YML113W	YMR019W	0
YML113W	YOL067C	0
YML113W	YJR147W	0
YML113W	YFL021W	0
YML113W	YCR040W	0
YML113W	YPR199C	0
YML113W	YCR097W	0
YML113W	YOL089C	0
YML113W	YHR006W	0
YML113W	YOR032C	0
YML113W	YJL110C	0
YML113W	YCL066W	0
YML113W	YCL067C	0
YML113W	YJL056C	0
YML113W	YLR098C	0
YML113W	YGR044C	0
YML113W	YCR018C	0
YML113W	YLR013W	0
YML113W	YKL020C	0
YML113W	YDR421W	0
YML113W	YKR034W	0
YML113W	YCR039C	0
YML113W	YCR041W	0
YML113W	YDR042C	0
YML113W	YKL178C	0
YDR520C	YDR034C	0
YDR520C	YFL044C	0
YDR520C	YEL009C	0
YDR520C	YML076C	0
YDR520C	YBR112C	0
YDR520C	YNL103W	0
YDR520C	YLR451W	0
YDR520C	YKL038W	0
YDR520C	YER028C	0
YDR520C	YIR017C	0
YDR520C	YGL181W	0
YDR520C	YNL167C	0
YDR520C	YPL038W	0
YDR520C	YGL254W	0
YDR520C	YOR140W	0
YDR520C	YDR253C	0
YDR520C	YMR019W	0
YDR520C	YOL067C	0
YDR520C	YJR147W	0
YDR520C	YCR096C	0
YDR520C	YML113W	0
YDR520C	YFL021W	0
YDR520C	YCR040W	0
YDR520C	YPR199C	0
YDR520C	YCR097W	0
YDR520C	YOL089C	0
YDR520C	YHR006W	0
YDR520C	YOR032C	0
YDR520C	YJL110C	0
YDR520C	YCL066W	0
YDR520C	YCL067C	0
YDR520C	YJL056C	0
YDR520C	YLR098C	0
YDR520C	YGR044C	0
YDR520C	YCR018C	0
YDR520C	YLR013W	0
YDR520C	YKL020C	0
YDR520C	YDR421W	0
YDR520C	YKR034W	0
YDR520C	YCR039C	0
YDR520C	YER189W	0
YDR520C	YCR041W	0
YDR520C	YDR084C	0
YDR520C	YER190W	0
YDR520C	YGL001C	0
YDR520C	YDR042C	0
YDR520C	YNL339C	0
YDR520C	YNL337W	0
YDR520C	YKL178C	0
YFL021W	YDR034C	0
YFL021W	YFL044C	0
YFL021W	YEL009C	0
YFL021W	YML076C	0
YFL021W	YBR112C	0
YFL021W	YNL103W	0
YFL021W	YLR451W	0
YFL021W	YKL038W	0
YFL021W	YER028C	0
YFL021W	YIR017C	0
YFL021W	YGL181W	0
YFL021W	YNL167C	0
YFL021W	YPL038W	0
YFL021W	YGL254W	0
YFL021W	YOR140W	0
YFL021W	YDR253C	0
YFL021W	YOL067C	0
YFL021W	YJR147W	0
YFL021W	YML113W	0
YFL021W	YCR040W	0
YFL021W	YPR199C	0
YFL021W	YCR097W	0
YFL021W	YOL089C	0
YFL021W	YHR006W	0
YFL021W	YOR032C	0
YFL021W	YCL066W	0
YFL021W	YCL067C	0
YFL021W	YJL056C	0
YFL021W	YLR098C	0
YFL021W	YGR044C	0
YFL021W	YCR018C	0
YFL021W	YLR013W	0
YFL021W	YKL020C	0
YFL021W	YDR421W	0
YFL021W	YKR034W	0
YFL021W	YCR039C	0
YFL021W	YER189W	0
YFL021W	YCR041W	0
YFL021W	YER190W	0
YFL021W	YNL339C	0
YFL021W	YNL337W	0
YFL021W	YKL178C	0
YCR040W	YDR034C	0
YCR040W	YFL044C	0
YCR040W	YEL009C	0
YCR040W	YML076C	0
YCR040W	YBR112C	0
YCR040W	YNL103W	0
YCR040W	YLR451W	0
YCR040W	YKL038W	0
YCR040W	YER028C	0
YCR040W	YIR017C	0
YCR040W	YGL181W	0
YCR040W	YNL167C	0
YCR040W	YPL038W	0
YCR040W	YGL254W	0
YCR040W	YOR140W	0
YCR040W	YDR253C	0
YCR040W	YMR019W	0
YCR040W	YOL067C	0
YCR040W	YJR147W	0
YCR040W	YCR096C	0
YCR040W	YML113W	0
YCR040W	YDR520C	0
YCR040W	YFL021W	0
YCR040W	YPR199C	0
YCR040W	YCR097W	0
YCR040W	YOL089C	0
YCR040W	YHR006W	0
YCR040W	YOR032C	0
YCR040W	YJL110C	0
YCR040W	YCL066W	0
YCR040W	YCL067C	0
YCR040W	YJL056C	0
YCR040W	YLR098C	0
YCR040W	YGR044C	0
YCR040W	YCR018C	0
YCR040W	YLR013W	0
YCR040W	YKL020C	0
YCR040W	YDR421W	0
YCR040W	YKR034W	0
YCR040W	YCR039C	0
YCR040W	YER189W	0
YCR040W	YCR041W	0
YCR040W	YDR084C	0
YCR040W	YER190W	0
YCR040W	YGL001C	0
YCR040W	YDR042C	0
YCR040W	YNL339C	0
YCR040W	YNL337W	0
YPR199C	YDR034C	0
YPR199C	YFL044C	0
YPR199C	YEL009C	0
YPR199C	YML076C	0
YPR199C	YBR112C	0
YPR199C	YNL103W	0
YPR199C	YLR451W	0
YPR199C	YKL038W	0
YPR199C	YER028C	0
YPR199C	YIR017C	0
YPR199C	YGL181W	0
YPR199C	YNL167C	0
YPR199C	YPL038W	0
YPR199C	YGL254W	0
YPR199C	YOR140W	0
YPR199C	YDR253C	0
YPR199C	YMR019W	0
YPR199C	YOL067C	0
YPR199C	YJR147W	0
YPR199C	YML113W	0
YPR199C	YDR520C	0
YPR199C	YFL021W	0
YPR199C	YCR097W	0
YPR199C	YOL089C	0
YPR199C	YHR006W	0
YPR199C	YOR032C	0
YPR199C	YJL110C	0
YPR199C	YCL066W	0
YPR199C	YCL067C	0
YPR199C	YJL056C	0
YPR199C	YLR098C	0
YPR199C	YGR044C	0
YPR199C	YCR018C	0
YPR199C	YLR013W	0
YPR199C	YKL020C	0
YPR199C	YDR421W	0
YPR199C	YKR034W	0
YPR199C	YER189W	0
YPR199C	YDR084C	0
YPR199C	YER190W	0
YPR199C	YGL001C	0
YPR199C	YDR042C	0
YPR199C	YNL339C	0
YPR199C	YNL337W	0
YPR199C	YKL178C	0
YCR097W	YDR034C	0
YCR097W	YFL044C	0
YCR097W	YEL009C	0
YCR097W	YML076C	0
YCR097W	YBR112C	0
YCR097W	YNL103W	0
YCR097W	YLR451W	0
YCR097W	YKL038W	0
YCR097W	YER028C	0
YCR097W	YIR017C	0
YCR097W	YGL181W	0
YCR097W	YNL167C	0
YCR097W	YPL038W	0
YCR097W	YGL254W	0
YCR097W	YOR140W	0
YCR097W	YDR253C	0
YCR097W	YMR019W	0
YCR097W	YOL067C	0
YCR097W	YJR147W	0
YCR097W	YCR096C	0
YCR097W	YML113W	0
YCR097W	YDR520C	0
YCR097W	YFL021W	0
YCR097W	YPR199C	0
YCR097W	YOL089C	0
YCR097W	YHR006W	0
YCR097W	YOR032C	0
YCR097W	YJL110C	0
YCR097W	YCL067C	0
YCR097W	YJL056C	0
YCR097W	YLR098C	0
YCR097W	YCR018C	0
YCR097W	YLR013W	0
YCR097W	YKL020C	0
YCR097W	YDR421W	0
YCR097W	YKR034W	0
YCR097W	YER189W	0
YCR097W	YCR041W	0
YCR097W	YDR084C	0
YCR097W	YER190W	0
YCR097W	YGL001C	0
YCR097W	YDR042C	0
YCR097W	YNL339C	0
YCR097W	YNL337W	0
YOL089C	YDR034C	0
YOL089C	YFL044C	0
YOL089C	YEL009C	0
YOL089C	YML076C	0
YOL089C	YBR112C	0
YOL089C	YNL103W	0
YOL089C	YLR451W	0
YOL089C	YKL038W	0
YOL089C	YER028C	0
YOL089C	YIR017C	0
YOL089C	YGL181W	0
YOL089C	YNL167C	0
YOL089C	YPL038W	0
YOL089C	YGL254W	0
YOL089C	YOR140W	0
YOL089C	YDR253C	0
YOL089C	YOL067C	0
YOL089C	YJR147W	0
YOL089C	YML113W	0
YOL089C	YDR520C	0
YOL089C	YFL021W	0
YOL089C	YCR040W	0
YOL089C	YPR199C	0
YOL089C	YHR006W	0
YOL089C	YOR032C	0
YOL089C	YJL110C	0
YOL089C	YCL066W	0
YOL089C	YCL067C	0
YOL089C	YJL056C	0
YOL089C	YLR098C	0
YOL089C	YGR044C	0
YOL089C	YCR018C	0
YOL089C	YLR013W	0
YOL089C	YKL020C	0
YOL089C	YDR421W	0
YOL089C	YKR034W	0
YOL089C	YCR039C	0
YOL089C	YER189W	0
YOL089C	YCR041W	0
YOL089C	YER190W	0
YOL089C	YKL178C	0
YHR006W	YDR034C	0
YHR006W	YFL044C	0
YHR006W	YEL009C	0
YHR006W	YML076C	0
YHR006W	YBR112C	0
YHR006W	YNL103W	0
YHR006W	YLR451W	0
YHR006W	YKL038W	0
YHR006W	YER028C	0
YHR006W	YIR017C	0
YHR006W	YGL181W	0
YHR006W	YNL167C	0
YHR006W	YPL038W	0
YHR006W	YGL254W	0
YHR006W	YOR140W	0
YHR006W	YDR253C	0
YHR006W	YMR019W	0
YHR006W	YOL067C	0
YHR006W	YJR147W	0
YHR006W	YCR096C	0
YHR006W	YML113W	0
YHR006W	YDR520C	0
YHR006W	YFL021W	0
YHR006W	YPR199C	0
YHR006W	YCR097W	0
YHR006W	YOL089C	0
YHR006W	YOR032C	0
YHR006W	YJL110C	0
YHR006W	YCL066W	0
YHR006W	YCL067C	0
YHR006W	YJL056C	0
YHR006W	YLR098C	0
YHR006W	YGR044C	0
YHR006W	YCR018C	0
YHR006W	YLR013W	0
YHR006W	YKL020C	0
YHR006W	YDR421W	0
YHR006W	YKR034W	0
YHR006W	YER189W	0
YHR006W	YDR084C	0
YHR006W	YER190W	0
YHR006W	YGL001C	0
YHR006W	YDR042C	0
YHR006W	YNL339C	0
YHR006W	YNL337W	0
YHR006W	YKL178C	0
YOR032C	YDR034C	0
YOR032C	YFL044C	0
YOR032C	YEL009C	0
YOR032C	YML076C	0
YOR032C	YBR112C	0
YOR032C	YNL103W	0
YOR032C	YLR451W	0
YOR032C	YKL038W	0
YOR032C	YER028C	0
YOR032C	YIR017C	0
YOR032C	YGL181W	0
YOR032C	YNL167C	0
YOR032C	YPL038W	0
YOR032C	YGL254W	0
YOR032C	YOR140W	0
YOR032C	YDR253C	0
YOR032C	YMR019W	0
YOR032C	YOL067C	0
YOR032C	YJR147W	0
YOR032C	YCR096C	0
YOR032C	YML113W	0
YOR032C	YDR520C	0
YOR032C	YFL021W	0
YOR032C	YCR040W	0
YOR032C	YPR199C	0
YOR032C	YCR097W	0
YOR032C	YOL089C	0
YOR032C	YJL110C	0
YOR032C	YCL066W	0
YOR032C	YCL067C	0
YOR032C	YJL056C	0
YOR032C	YLR098C	0
YOR032C	YGR044C	0
YOR032C	YCR018C	0
YOR032C	YLR013W	0
YOR032C	YKL020C	0
YOR032C	YDR421W	0
YOR032C	YKR034W	0
YOR032C	YCR039C	0
YOR032C	YER189W	0
YOR032C	YCR041W	0
YOR032C	YDR084C	0
YOR032C	YER190W	0
YOR032C	YNL339C	0
YOR032C	YNL337W	0
YOR032C	YKL178C	0
YJL110C	YDR034C	0
YJL110C	YFL044C	0
YJL110C	YEL009C	0
YJL110C	YML076C	0
YJL110C	YBR112C	0
YJL110C	YNL103W	0
YJL110C	YLR451W	0
YJL110C	YKL038W	0
YJL110C	YER028C	0
YJL110C	YIR017C	0
YJL110C	YGL181W	0
YJL110C	YNL167C	0
YJL110C	YPL038W	0
YJL110C	YGL254W	0
YJL110C	YOR140W	0
YJL110C	YDR253C	0
YJL110C	YMR019W	0
YJL110C	YOL067C	0
YJL110C	YJR147W	0
YJL110C	YML113W	0
YJL110C	YDR520C	0
YJL110C	YFL021W	0
YJL110C	YPR199C	0
YJL110C	YCR097W	0
YJL110C	YOL089C	0
YJL110C	YHR006W	0
YJL110C	YOR032C	0
YJL110C	YJL056C	0
YJL110C	YLR098C	0
YJL110C	YGR044C	0
YJL110C	YCR018C	0
YJL110C	YLR013W	0
YJL110C	YKL020C	0
YJL110C	YDR421W	0
YJL110C	YDR042C	0
YJL110C	YKL178C	0
YCL066W	YDR034C	0
YCL066W	YFL044C	0
YCL066W	YEL009C	0
YCL066W	YML076C	0
YCL066W	YBR112C	0
YCL066W	YNL103W	0
YCL066W	YLR451W	0
YCL066W	YKL038W	0
YCL066W	YER028C	0
YCL066W	YIR017C	0
YCL066W	YGL181W	0
YCL066W	YNL167C	0
YCL066W	YPL038W	0
YCL066W	YGL254W	0
YCL066W	YOR140W	0
YCL066W	YDR253C	0
YCL066W	YMR019W	0
YCL066W	YOL067C	0
YCL066W	YJR147W	0
YCL066W	YCR096C	0
YCL066W	YML113W	0
YCL066W	YDR520C	0
YCL066W	YFL021W	0
YCL066W	YCR040W	0
YCL066W	YPR199C	0
YCL066W	YCR097W	0
YCL066W	YOL089C	0
YCL066W	YHR006W	0
YCL066W	YOR032C	0
YCL066W	YJL110C	0
YCL066W	YCL067C	0
YCL066W	YJL056C	0
YCL066W	YLR098C	0
YCL066W	YGR044C	0
YCL066W	YCR018C	0
YCL066W	YLR013W	0
YCL066W	YKL020C	0
YCL066W	YDR421W	0
YCL066W	YKR034W	0
YCL066W	YCR039C	0
YCL066W	YER189W	0
YCL066W	YCR041W	0
YCL066W	YDR084C	0
YCL066W	YER190W	0
YCL066W	YGL001C	0
YCL066W	YDR042C	0
YCL066W	YNL339C	0
YCL066W	YNL337W	0
YCL067C	YDR034C	0
YCL067C	YFL044C	0
YCL067C	YEL009C	0
YCL067C	YML076C	0
YCL067C	YBR112C	0
YCL067C	YNL103W	0
YCL067C	YLR451W	0
YCL067C	YKL038W	0
YCL067C	YER028C	0
YCL067C	YIR017C	0
YCL067C	YGL181W	0
YCL067C	YNL167C	0
YCL067C	YPL038W	0
YCL067C	YGL254W	0
YCL067C	YOR140W	0
YCL067C	YDR253C	0
YCL067C	YMR019W	0
YCL067C	YOL067C	0
YCL067C	YJR147W	0
YCL067C	YCR096C	0
YCL067C	YML113W	0
YCL067C	YDR520C	0
YCL067C	YFL021W	0
YCL067C	YCR040W	0
YCL067C	YPR199C	0
YCL067C	YCR097W	0
YCL067C	YOL089C	0
YCL067C	YHR006W	0
YCL067C	YOR032C	0
YCL067C	YJL110C	0
YCL067C	YJL056C	0
YCL067C	YLR098C	0
YCL067C	YCR018C	0
YCL067C	YLR013W	0
YCL067C	YKL020C	0
YCL067C	YDR421W	0
YCL067C	YKR034W	0
YCL067C	YCR039C	0
YCL067C	YER189W	0
YCL067C	YCR041W	0
YCL067C	YDR084C	0
YCL067C	YER190W	0
YCL067C	YGL001C	0
YCL067C	YDR042C	0
YCL067C	YNL339C	0
YCL067C	YNL337W	0
YCL067C	YKL178C	0
YJL056C	YDR034C	0
YJL056C	YFL044C	0
YJL056C	YEL009C	0
YJL056C	YML076C	0
YJL056C	YBR112C	0
YJL056C	YNL103W	0
YJL056C	YLR451W	0
YJL056C	YKL038W	0
YJL056C	YER028C	0
YJL056C	YIR017C	0
YJL056C	YGL181W	0
YJL056C	YNL167C	0
YJL056C	YPL038W	0
YJL056C	YGL254W	0
YJL056C	YOR140W	0
YJL056C	YDR253C	0
YJL056C	YMR019W	0
YJL056C	YOL067C	0
YJL056C	YJR147W	0
YJL056C	YCR096C	0
YJL056C	YML113W	0
YJL056C	YDR520C	0
YJL056C	YFL021W	0
YJL056C	YPR199C	0
YJL056C	YCR097W	0
YJL056C	YOL089C	0
YJL056C	YHR006W	0
YJL056C	YOR032C	0
YJL056C	YJL110C	0
YJL056C	YLR098C	0
YJL056C	YGR044C	0
YJL056C	YCR018C	0
YJL056C	YLR013W	0
YJL056C	YKL020C	0
YJL056C	YDR421W	0
YJL056C	YKR034W	0
YJL056C	YDR084C	0
YJL056C	YER190W	0
YJL056C	YGL001C	0
YJL056C	YDR042C	0
YJL056C	YKL178C	0
YLR098C	YDR034C	0
YLR098C	YFL044C	0
YLR098C	YEL009C	0
YLR098C	YML076C	0
YLR098C	YBR112C	0
YLR098C	YNL103W	0
YLR098C	YLR451W	0
YLR098C	YKL038W	0
YLR098C	YER028C	0
YLR098C	YIR017C	0
YLR098C	YGL181W	0
YLR098C	YNL167C	0
YLR098C	YPL038W	0
YLR098C	YGL254W	0
YLR098C	YOR140W	0
YLR098C	YDR253C	0
YLR098C	YMR019W	0
YLR098C	YOL067C	0
YLR098C	YJR147W	0
YLR098C	YCR096C	0
YLR098C	YML113W	0
YLR098C	YDR520C	0
YLR098C	YFL021W	0
YLR098C	YPR199C	0
YLR098C	YCR097W	0
YLR098C	YOL089C	0
YLR098C	YHR006W	0
YLR098C	YOR032C	0
YLR098C	YJL110C	0
YLR098C	YJL056C	0
YLR098C	YGR044C	0
YLR098C	YCR018C	0
YLR098C	YLR013W	0
YLR098C	YKL020C	0
YLR098C	YDR421W	0
YLR098C	YKR034W	0
YLR098C	YDR084C	0
YLR098C	YGL001C	0
YLR098C	YDR042C	0
YLR098C	YNL339C	0
YLR098C	YNL337W	0
YLR098C	YKL178C	0
YGR044C	YDR034C	0
YGR044C	YFL044C	0
YGR044C	YEL009C	0
YGR044C	YML076C	0
YGR044C	YBR112C	0
YGR044C	YNL103W	0
YGR044C	YLR451W	0
YGR044C	YKL038W	0
YGR044C	YER028C	0
YGR044C	YIR017C	0
YGR044C	YGL181W	0
YGR044C	YNL167C	0
YGR044C	YPL038W	0
YGR044C	YGL254W	0
YGR044C	YDR253C	0
YGR044C	YMR019W	0
YGR044C	YOL067C	0
YGR044C	YJR147W	0
YGR044C	YCR096C	0
YGR044C	YML113W	0
YGR044C	YDR520C	0
YGR044C	YFL021W	0
YGR044C	YCR040W	0
YGR044C	YPR199C	0
YGR044C	YCR097W	0
YGR044C	YOL089C	0
YGR044C	YHR006W	0
YGR044C	YOR032C	0
YGR044C	YJL110C	0
YGR044C	YCL066W	0
YGR044C	YCL067C	0
YGR044C	YJL056C	0
YGR044C	YLR098C	0
YGR044C	YLR013W	0
YGR044C	YKL020C	0
YGR044C	YDR421W	0
YGR044C	YKR034W	0
YGR044C	YCR039C	0
YGR044C	YER189W	0
YGR044C	YCR041W	0
YGR044C	YDR084C	0
YGR044C	YER190W	0
YGR044C	YGL001C	0
YGR044C	YDR042C	0
YGR044C	YNL339C	0
YGR044C	YNL337W	0
YGR044C	YKL178C	0
YCR018C	YDR034C	0
YCR018C	YFL044C	0
YCR018C	YEL009C	0
YCR018C	YML076C	0
YCR018C	YBR112C	0
YCR018C	YNL103W	0
YCR018C	YLR451W	0
YCR018C	YKL038W	0
YCR018C	YER028C	0
YCR018C	YIR017C	0
YCR018C	YGL181W	0
YCR018C	YNL167C	0
YCR018C	YPL038W	0
YCR018C	YGL254W	0
YCR018C	YOR140W	0
YCR018C	YDR253C	0
YCR018C	YMR019W	0
YCR018C	YOL067C	0
YCR018C	YJR147W	0
YCR018C	YCR096C	0
YCR018C	YML113W	0
YCR018C	YDR520C	0
YCR018C	YFL021W	0
YCR018C	YCR040W	0
YCR018C	YPR199C	0
YCR018C	YCR097W	0
YCR018C	YOL089C	0
YCR018C	YHR006W	0
YCR018C	YOR032C	0
YCR018C	YJL110C	0
YCR018C	YCL066W	0
YCR018C	YCL067C	0
YCR018C	YJL056C	0
YCR018C	YLR098C	0
YCR018C	YGR044C	0
YCR018C	YLR013W	0
YCR018C	YKL020C	0
YCR018C	YDR421W	0
YCR018C	YKR034W	0
YCR018C	YCR039C	0
YCR018C	YER189W	0
YCR018C	YCR041W	0
YCR018C	YDR084C	0
YCR018C	YER190W	0
YCR018C	YGL001C	0
YCR018C	YDR042C	0
YCR018C	YNL339C	0
YCR018C	YNL337W	0
YCR018C	YKL178C	0
YLR013W	YDR034C	0
YLR013W	YFL044C	0
YLR013W	YEL009C	0
YLR013W	YML076C	0
YLR013W	YBR112C	0
YLR013W	YNL103W	0
YLR013W	YLR451W	0
YLR013W	YKL038W	0
YLR013W	YER028C	0
YLR013W	YIR017C	0
YLR013W	YGL181W	0
YLR013W	YNL167C	0
YLR013W	YPL038W	0
YLR013W	YGL254W	0
YLR013W	YOR140W	0
YLR013W	YDR253C	0
YLR013W	YMR019W	0
YLR013W	YOL067C	0
YLR013W	YJR147W	0
YLR013W	YCR096C	0
YLR013W	YML113W	0
YLR013W	YDR520C	0
YLR013W	YFL021W	0
YLR013W	YPR199C	0
YLR013W	YCR097W	0
YLR013W	YOL089C	0
YLR013W	YHR006W	0
YLR013W	YOR032C	0
YLR013W	YJL110C	0
YLR013W	YJL056C	0
YLR013W	YLR098C	0
YLR013W	YGR044C	0
YLR013W	YCR018C	0
YLR013W	YKL020C	0
YLR013W	YDR421W	0
YLR013W	YKR034W	0
YLR013W	YDR084C	0
YLR013W	YER190W	0
YLR013W	YGL001C	0
YLR013W	YDR042C	0
YLR013W	YKL178C	0
YKL020C	YDR034C	0
YKL020C	YFL044C	0
YKL020C	YEL009C	0
YKL020C	YML076C	0
YKL020C	YBR112C	0
YKL020C	YNL103W	0
YKL020C	YLR451W	0
YKL020C	YKL038W	0
YKL020C	YER028C	0
YKL020C	YIR017C	0
YKL020C	YGL181W	0
YKL020C	YNL167C	0
YKL020C	YPL038W	0
YKL020C	YGL254W	0
YKL020C	YOR140W	0
YKL020C	YDR253C	0
YKL020C	YMR019W	0
YKL020C	YOL067C	0
YKL020C	YJR147W	0
YKL020C	YML113W	0
YKL020C	YDR520C	0
YKL020C	YFL021W	0
YKL020C	YCR040W	0
YKL020C	YPR199C	0
YKL020C	YCR097W	0
YKL020C	YOL089C	0
YKL020C	YHR006W	0
YKL020C	YOR032C	0
YKL020C	YJL110C	0
YKL020C	YCL066W	0
YKL020C	YCL067C	0
YKL020C	YJL056C	0
YKL020C	YLR098C	0
YKL020C	YGR044C	0
YKL020C	YCR018C	0
YKL020C	YLR013W	0
YKL020C	YDR421W	0
YKL020C	YKR034W	0
YKL020C	YCR039C	0
YKL020C	YER189W	0
YKL020C	YCR041W	0
YKL020C	YER190W	0
YKL020C	YDR042C	0
YKL020C	YNL339C	0
YKL020C	YNL337W	0
YKL020C	YKL178C	0
YDR421W	YDR034C	0
YDR421W	YFL044C	0
YDR421W	YEL009C	0
YDR421W	YML076C	0
YDR421W	YBR112C	0
YDR421W	YNL103W	0
YDR421W	YLR451W	0
YDR421W	YKL038W	0
YDR421W	YER028C	0
YDR421W	YIR017C	0
YDR421W	YGL181W	0
YDR421W	YNL167C	0
YDR421W	YPL038W	0
YDR421W	YGL254W	0
YDR421W	YOR140W	0
YDR421W	YDR253C	0
YDR421W	YMR019W	0
YDR421W	YOL067C	0
YDR421W	YJR147W	0
YDR421W	YCR096C	0
YDR421W	YML113W	0
YDR421W	YDR520C	0
YDR421W	YFL021W	0
YDR421W	YCR040W	0
YDR421W	YPR199C	0
YDR421W	YCR097W	0
YDR421W	YOL089C	0
YDR421W	YHR006W	0
YDR421W	YOR032C	0
YDR421W	YJL110C	0
YDR421W	YJL056C	0
YDR421W	YLR098C	0
YDR421W	YGR044C	0
YDR421W	YCR018C	0
YDR421W	YLR013W	0
YDR421W	YKL020C	0
YDR421W	YKR034W	0
YDR421W	YCR039C	0
YDR421W	YER189W	0
YDR421W	YCR041W	0
YDR421W	YDR084C	0
YDR421W	YER190W	0
YDR421W	YGL001C	0
YDR421W	YDR042C	0
YDR421W	YNL339C	0
YDR421W	YNL337W	0
YDR421W	YKL178C	0
YKR034W	YDR034C	0
YKR034W	YFL044C	0
YKR034W	YEL009C	0
YKR034W	YML076C	0
YKR034W	YBR112C	0
YKR034W	YNL103W	0
YKR034W	YLR451W	0
YKR034W	YKL038W	0
YKR034W	YER028C	0
YKR034W	YIR017C	0
YKR034W	YGL181W	0
YKR034W	YNL167C	0
YKR034W	YPL038W	0
YKR034W	YGL254W	0
YKR034W	YOR140W	0
YKR034W	YDR253C	0
YKR034W	YMR019W	0
YKR034W	YOL067C	0
YKR034W	YJR147W	0
YKR034W	YCR096C	0
YKR034W	YML113W	0
YKR034W	YDR520C	0
YKR034W	YPR199C	0
YKR034W	YCR097W	0
YKR034W	YOL089C	0
YKR034W	YHR006W	0
YKR034W	YOR032C	0
YKR034W	YCL066W	0
YKR034W	YCL067C	0
YKR034W	YJL056C	0
YKR034W	YLR098C	0
YKR034W	YGR044C	0
YKR034W	YCR018C	0
YKR034W	YLR013W	0
YKR034W	YKL020C	0
YKR034W	YDR421W	0
YKR034W	YGL001C	0
YKR034W	YKL178C	0
YCR039C	YDR034C	0
YCR039C	YFL044C	0
YCR039C	YEL009C	0
YCR039C	YML076C	0
YCR039C	YBR112C	0
YCR039C	YNL103W	0
YCR039C	YLR451W	0
YCR039C	YKL038W	0
YCR039C	YER028C	0
YCR039C	YIR017C	0
YCR039C	YGL181W	0
YCR039C	YNL167C	0
YCR039C	YPL038W	0
YCR039C	YGL254W	0
YCR039C	YOR140W	0
YCR039C	YDR253C	0
YCR039C	YMR019W	0
YCR039C	YOL067C	0
YCR039C	YJR147W	0
YCR039C	YCR096C	0
YCR039C	YML113W	0
YCR039C	YDR520C	0
YCR039C	YFL021W	0
YCR039C	YCR040W	0
YCR039C	YPR199C	0
YCR039C	YCR097W	0
YCR039C	YOL089C	0
YCR039C	YHR006W	0
YCR039C	YOR032C	0
YCR039C	YJL110C	0
YCR039C	YCL066W	0
YCR039C	YCL067C	0
YCR039C	YJL056C	0
YCR039C	YLR098C	0
YCR039C	YGR044C	0
YCR039C	YCR018C	0
YCR039C	YLR013W	0
YCR039C	YKL020C	0
YCR039C	YDR421W	0
YCR039C	YKR034W	0
YCR039C	YER189W	0
YCR039C	YCR041W	0
YCR039C	YDR084C	0
YCR039C	YER190W	0
YCR039C	YGL001C	0
YCR039C	YDR042C	0
YCR039C	YNL339C	0
YCR039C	YNL337W	0
YCR039C	YKL178C	0
YER189W	YDR034C	0
YER189W	YFL044C	0
YER189W	YEL009C	0
YER189W	YML076C	0
YER189W	YBR112C	0
YER189W	YNL103W	0
YER189W	YLR451W	0
YER189W	YKL038W	0
YER189W	YER028C	0
YER189W	YIR017C	0
YER189W	YGL181W	0
YER189W	YNL167C	0
YER189W	YPL038W	0
YER189W	YGL254W	0
YER189W	YOR140W	0
YER189W	YDR253C	0
YER189W	YMR019W	0
YER189W	YOL067C	0
YER189W	YJR147W	0
YER189W	YCR096C	0
YER189W	YML113W	0
YER189W	YDR520C	0
YER189W	YFL021W	0
YER189W	YCR040W	0
YER189W	YPR199C	0
YER189W	YCR097W	0
YER189W	YOL089C	0
YER189W	YHR006W	0
YER189W	YOR032C	0
YER189W	YJL110C	0
YER189W	YCL066W	0
YER189W	YCL067C	0
YER189W	YJL056C	0
YER189W	YLR098C	0
YER189W	YGR044C	0
YER189W	YCR018C	0
YER189W	YLR013W	0
YER189W	YKL020C	0
YER189W	YDR421W	0
YER189W	YKR034W	0
YER189W	YCR039C	0
YER189W	YCR041W	0
YER189W	YDR084C	0
YER189W	YER190W	0
YER189W	YGL001C	0
YER189W	YDR042C	0
YER189W	YNL339C	0
YER189W	YNL337W	0
YER189W	YKL178C	0
YCR041W	YDR034C	0
YCR041W	YFL044C	0
YCR041W	YEL009C	0
YCR041W	YML076C	0
YCR041W	YBR112C	0
YCR041W	YNL103W	0
YCR041W	YLR451W	0
YCR041W	YKL038W	0
YCR041W	YER028C	0
YCR041W	YIR017C	0
YCR041W	YGL181W	0
YCR041W	YNL167C	0
YCR041W	YPL038W	0
YCR041W	YGL254W	0
YCR041W	YOR140W	0
YCR041W	YDR253C	0
YCR041W	YMR019W	0
YCR041W	YOL067C	0
YCR041W	YJR147W	0
YCR041W	YCR096C	0
YCR041W	YML113W	0
YCR041W	YDR520C	0
YCR041W	YFL021W	0
YCR041W	YCR040W	0
YCR041W	YPR199C	0
YCR041W	YCR097W	0
YCR041W	YOL089C	0
YCR041W	YHR006W	0
YCR041W	YOR032C	0
YCR041W	YJL110C	0
YCR041W	YCL066W	0
YCR041W	YCL067C	0
YCR041W	YJL056C	0
YCR041W	YLR098C	0
YCR041W	YGR044C	0
YCR041W	YCR018C	0
YCR041W	YLR013W	0
YCR041W	YKL020C	0
YCR041W	YDR421W	0
YCR041W	YKR034W	0
YCR041W	YCR039C	0
YCR041W	YER189W	0
YCR041W	YDR084C	0
YCR041W	YER190W	0
YCR041W	YGL001C	0
YCR041W	YDR042C	0
YCR041W	YNL339C	0
YCR041W	YNL337W	0
YCR041W	YKL178C	0
YDR084C	YDR034C	0
YDR084C	YFL044C	0
YDR084C	YEL009C	0
YDR084C	YML076C	0
YDR084C	YBR112C	0
YDR084C	YNL103W	0
YDR084C	YLR451W	0
YDR084C	YKL038W	0
YDR084C	YER028C	0
YDR084C	YIR017C	0
YDR084C	YGL181W	0
YDR084C	YNL167C	0
YDR084C	YPL038W	0
YDR084C	YGL254W	0
YDR084C	YOR140W	0
YDR084C	YDR253C	0
YDR084C	YMR019W	0
YDR084C	YOL067C	0
YDR084C	YJR147W	0
YDR084C	YCR096C	0
YDR084C	YML113W	0
YDR084C	YDR520C	0
YDR084C	YFL021W	0
YDR084C	YCR040W	0
YDR084C	YPR199C	0
YDR084C	YCR097W	0
YDR084C	YOL089C	0
YDR084C	YHR006W	0
YDR084C	YOR032C	0
YDR084C	YJL110C	0
YDR084C	YCL066W	0
YDR084C	YCL067C	0
YDR084C	YJL056C	0
YDR084C	YLR098C	0
YDR084C	YGR044C	0
YDR084C	YCR018C	0
YDR084C	YLR013W	0
YDR084C	YKL020C	0
YDR084C	YDR421W	0
YDR084C	YKR034W	0
YDR084C	YCR039C	0
YDR084C	YER189W	0
YDR084C	YCR041W	0
YDR084C	YER190W	0
YDR084C	YGL001C	0
YDR084C	YDR042C	0
YDR084C	YNL339C	0
YDR084C	YNL337W	0
YDR084C	YKL178C	0
YER190W	YDR034C	0
YER190W	YFL044C	0
YER190W	YEL009C	0
YER190W	YML076C	0
YER190W	YBR112C	0
YER190W	YNL103W	0
YER190W	YLR451W	0
YER190W	YKL038W	0
YER190W	YER028C	0
YER190W	YIR017C	0
YER190W	YGL181W	0
YER190W	YNL167C	0
YER190W	YPL038W	0
YER190W	YGL254W	0
YER190W	YOR140W	0
YER190W	YDR253C	0
YER190W	YMR019W	0
YER190W	YOL067C	0
YER190W	YJR147W	0
YER190W	YCR096C	0
YER190W	YML113W	0
YER190W	YDR520C	0
YER190W	YFL021W	0
YER190W	YCR040W	0
YER190W	YPR199C	0
YER190W	YCR097W	0
YER190W	YOL089C	0
YER190W	YHR006W	0
YER190W	YOR032C	0
YER190W	YJL110C	0
YER190W	YCL066W	0
YER190W	YCL067C	0
YER190W	YJL056C	0
YER190W	YLR098C	0
YER190W	YGR044C	0
YER190W	YCR018C	0
YER190W	YLR013W	0
YER190W	YKL020C	0
YER190W	YDR421W	0
YER190W	YKR034W	0
YER190W	YCR039C	0
YER190W	YER189W	0
YER190W	YCR041W	0
YER190W	YDR084C	0
YER190W	YGL001C	0
YER190W	YDR042C	0
YER190W	YNL339C	0
YER190W	YNL337W	0
YER190W	YKL178C	0
YGL001C	YDR034C	0
YGL001C	YFL044C	0
YGL001C	YEL009C	0
YGL001C	YML076C	0
YGL001C	YBR112C	0
YGL001C	YNL103W	0
YGL001C	YLR451W	0
YGL001C	YKL038W	0
YGL001C	YER028C	0
YGL001C	YIR017C	0
YGL001C	YGL181W	0
YGL001C	YNL167C	0
YGL001C	YPL038W	0
YGL001C	YGL254W	0
YGL001C	YOR140W	0
YGL001C	YDR253C	0
YGL001C	YMR019W	0
YGL001C	YOL067C	0
YGL001C	YJR147W	0
YGL001C	YCR096C	0
YGL001C	YML113W	0
YGL001C	YDR520C	0
YGL001C	YFL021W	0
YGL001C	YCR040W	0
YGL001C	YPR199C	0
YGL001C	YCR097W	0
YGL001C	YOL089C	0
YGL001C	YHR006W	0
YGL001C	YOR032C	0
YGL001C	YJL110C	0
YGL001C	YCL066W	0
YGL001C	YCL067C	0
YGL001C	YJL056C	0
YGL001C	YLR098C	0
YGL001C	YGR044C	0
YGL001C	YCR018C	0
YGL001C	YLR013W	0
YGL001C	YKL020C	0
YGL001C	YDR421W	0
YGL001C	YKR034W	0
YGL001C	YCR039C	0
YGL001C	YER189W	0
YGL001C	YCR041W	0
YGL001C	YDR084C	0
YGL001C	YER190W	0
YGL001C	YDR042C	0
YGL001C	YNL339C	0
YGL001C	YNL337W	0
YGL001C	YKL178C	0
YDR042C	YDR034C	0
YDR042C	YFL044C	0
YDR042C	YEL009C	0
YDR042C	YML076C	0
YDR042C	YBR112C	0
YDR042C	YNL103W	0
YDR042C	YLR451W	0
YDR042C	YKL038W	0
YDR042C	YER028C	0
YDR042C	YIR017C	0
YDR042C	YGL181W	0
YDR042C	YNL167C	0
YDR042C	YPL038W	0
YDR042C	YGL254W	0
YDR042C	YOR140W	0
YDR042C	YDR253C	0
YDR042C	YMR019W	0
YDR042C	YOL067C	0
YDR042C	YJR147W	0
YDR042C	YCR096C	0
YDR042C	YML113W	0
YDR042C	YDR520C	0
YDR042C	YFL021W	0
YDR042C	YCR040W	0
YDR042C	YPR199C	0
YDR042C	YCR097W	0
YDR042C	YOL089C	0
YDR042C	YHR006W	0
YDR042C	YOR032C	0
YDR042C	YJL110C	0
YDR042C	YCL066W	0
YDR042C	YCL067C	0
YDR042C	YJL056C	0
YDR042C	YLR098C	0
YDR042C	YGR044C	0
YDR042C	YCR018C	0
YDR042C	YLR013W	0
YDR042C	YKL020C	0
YDR042C	YDR421W	0
YDR042C	YKR034W	0
YDR042C	YCR039C	0
YDR042C	YER189W	0
YDR042C	YCR041W	0
YDR042C	YDR084C	0
YDR042C	YER190W	0
YDR042C	YGL001C	0
YDR042C	YNL339C	0
YDR042C	YNL337W	0
YDR042C	YKL178C	0
YNL339C	YDR034C	0
YNL339C	YFL044C	0
YNL339C	YEL009C	0
YNL339C	YML076C	0
YNL339C	YBR112C	0
YNL339C	YNL103W	0
YNL339C	YLR451W	0
YNL339C	YKL038W	0
YNL339C	YER028C	0
YNL339C	YIR017C	0
YNL339C	YGL181W	0
YNL339C	YNL167C	0
YNL339C	YPL038W	0
YNL339C	YGL254W	0
YNL339C	YOR140W	0
YNL339C	YDR253C	0
YNL339C	YMR019W	0
YNL339C	YOL067C	0
YNL339C	YJR147W	0
YNL339C	YCR096C	0
YNL339C	YML113W	0
YNL339C	YDR520C	0
YNL339C	YFL021W	0
YNL339C	YCR040W	0
YNL339C	YPR199C	0
YNL339C	YCR097W	0
YNL339C	YOL089C	0
YNL339C	YHR006W	0
YNL339C	YOR032C	0
YNL339C	YJL110C	0
YNL339C	YCL066W	0
YNL339C	YCL067C	0
YNL339C	YJL056C	0
YNL339C	YLR098C	0
YNL339C	YGR044C	0
YNL339C	YCR018C	0
YNL339C	YLR013W	0
YNL339C	YKL020C	0
YNL339C	YDR421W	0
YNL339C	YKR034W	0
YNL339C	YCR039C	0
YNL339C	YER189W	0
YNL339C	YCR041W	0
YNL339C	YDR084C	0
YNL339C	YER190W	0
YNL339C	YGL001C	0
YNL339C	YDR042C	0
YNL339C	YNL337W	0
YNL339C	YKL178C	0
YNL337W	YDR034C	0
YNL337W	YFL044C	0
YNL337W	YEL009C	0
YNL337W	YML076C	0
YNL337W	YBR112C	0
YNL337W	YNL103W	0
YNL337W	YLR451W	0
YNL337W	YKL038W	0
YNL337W	YER028C	0
YNL337W	YIR017C	0
YNL337W	YGL181W	0
YNL337W	YNL167C	0
YNL337W	YPL038W	0
YNL337W	YGL254W	0
YNL337W	YOR140W	0
YNL337W	YDR253C	0
YNL337W	YMR019W	0
YNL337W	YOL067C	0
YNL337W	YJR147W	0
YNL337W	YCR096C	0
YNL337W	YML113W	0
YNL337W	YDR520C	0
YNL337W	YFL021W	0
YNL337W	YCR040W	0
YNL337W	YPR199C	0
YNL337W	YCR097W	0
YNL337W	YOL089C	0
YNL337W	YHR006W	0
YNL337W	YOR032C	0
YNL337W	YJL110C	0
YNL337W	YCL066W	0
YNL337W	YCL067C	0
YNL337W	YJL056C	0
YNL337W	YLR098C	0
YNL337W	YGR044C	0
YNL337W	YCR018C	0
YNL337W	YLR013W	0
YNL337W	YKL020C	0
YNL337W	YDR421W	0
YNL337W	YKR034W	0
YNL337W	YCR039C	0
YNL337W	YER189W	0
YNL337W	YCR041W	0
YNL337W	YDR084C	0
YNL337W	YER190W	0
YNL337W	YGL001C	0
YNL337W	YDR042C	0
YNL337W	YNL339C	0
YNL337W	YKL178C	0
YKL178C	YDR034C	0
YKL178C	YFL044C	0
YKL178C	YEL009C	0
YKL178C	YML076C	0
YKL178C	YBR112C	0
YKL178C	YNL103W	0
YKL178C	YLR451W	0
YKL178C	YKL038W	0
YKL178C	YER028C	0
YKL178C	YIR017C	0
YKL178C	YGL181W	0
YKL178C	YNL167C	0
YKL178C	YPL038W	0
YKL178C	YGL254W	0
YKL178C	YOR140W	0
YKL178C	YDR253C	0
YKL178C	YMR019W	0
YKL178C	YOL067C	0
YKL178C	YJR147W	0
YKL178C	YCR096C	0
YKL178C	YML113W	0
YKL178C	YDR520C	0
YKL178C	YFL021W	0
YKL178C	YCR040W	0
YKL178C	YPR199C	0
YKL178C	YCR097W	0
YKL178C	YOL089C	0
YKL178C	YHR006W	0
YKL178C	YOR032C	0
YKL178C	YJL110C	0
YKL178C	YCL066W	0
YKL178C	YCL067C	0
YKL178C	YJL056C	0
YKL178C	YLR098C	0
YKL178C	YGR044C	0
YKL178C	YCR018C	0
YKL178C	YLR013W	0
YKL178C	YKL020C	0
YKL178C	YDR421W	0
YKL178C	YKR034W	0
YKL178C	YCR039C	0
YKL178C	YER189W	0
YKL178C	YCR041W	0
YKL178C	YDR084C	0
YKL178C	YER190W	0
YKL178C	YGL001C	0
YKL178C	YDR042C	0
YKL178C	YNL339C	0
YKL178C	YNL337W	0
